RANK,TOTAL,SFW_INDIVIDUAL,SFW_GROUP,NSFW_INDIVIDUAL,NSFW_GROUP,NSFW_PERCENT,CHARACTER,SERIE
1,381,27,1,311,42,92.7,rias,dxd
2,292,3,1,250,38,98.6,nami,one-piece
3,262,11,1,244,6,95.4,marin,dress-up-darling
4,255,9,1,212,33,96.1,robin,one-piece
5,255,4,1,231,19,98.0,yor,spy-x-family
6,226,12,4,181,29,92.9,frieren,frieren
7,186,6,0,161,19,96.8,hinata,naruto
8,166,6,1,119,40,95.8,akeno,dxd
9,161,6,3,126,26,94.4,fern,frieren
10,149,9,1,127,12,93.3,boa,one-piece
11,147,6,0,129,12,95.9,fubuki,one-punch
12,145,17,0,125,3,88.3,2b,nier
13,139,6,0,111,22,95.7,yaoyorozu,mha
14,129,25,4,93,7,77.5,asuka,evangelion
15,129,2,0,110,17,98.4,makima,chainsaw-man
16,127,3,0,113,11,97.6,asuna,sao
17,120,8,7,83,22,87.5,darkness,konosuba
18,118,13,8,75,22,82.2,aqua,konosuba
19,117,2,0,112,3,98.3,yoruichi,bleach
20,116,6,1,108,1,94.0,zelda,zelda
21,114,5,0,101,8,95.6,tsunade,naruto
22,110,1,0,103,6,99.1,noelle,black-clover
23,109,7,0,83,19,93.6,ochako,mha
24,108,11,0,84,13,89.8,tatsumaki,one-punch
25,103,15,1,84,3,84.5,rin,fate
26,102,1,1,92,8,98.0,alya,alya
27,101,5,0,93,3,95.0,cynthia,pokemon
28,100,2,0,84,14,98.0,reze,chainsaw-man
29,92,6,0,67,19,93.5,erza,fairy-tail
30,92,12,0,80,0,87.0,albedo,overlord
31,91,1,0,82,8,98.9,vivi,one-piece
32,90,31,0,54,5,65.6,shinon,sao
33,90,2,0,81,7,97.8,tifa,ff7
34,85,18,10,37,20,67.1,megumin,konosuba
35,81,12,4,56,9,80.2,miku,quintessential
36,80,3,0,74,3,96.2,chizuru,rent-a-girlfriend
37,74,7,0,67,0,90.5,esdeath,akame-ga-kill
38,71,1,0,63,7,98.6,sakura,naruto
39,67,2,0,62,3,97.0,rangiku,bleach
40,65,19,2,35,9,67.7,ryuko,kill-la-kill
41,64,14,1,36,13,76.6,mikasa,aot
42,63,2,0,60,1,96.8,nejire,mha
43,62,0,0,58,4,100.0,mirko,mha
44,57,1,0,52,4,98.2,suguha,sao
45,56,5,1,49,1,89.3,nagatoro,nagatoro
46,55,2,0,48,5,96.4,c18,dragon-ball
47,55,13,4,33,5,69.1,rei,evangelion
48,55,0,0,52,3,100.0,yamato,one-piece
49,55,0,0,48,7,100.0,bulma,dragon-ball
50,54,6,0,33,15,88.9,lucy,fairy-tail
51,54,3,0,40,11,94.4,ino,naruto
52,53,8,1,41,3,83.0,komi,komi-san
53,53,7,2,41,3,83.0,ann,persona-5
54,51,6,1,44,0,86.3,kohaku,dr-stone
55,48,0,0,48,0,100.0,samus,nintendo
56,47,15,1,31,0,66.0,mai,bunny-girl-senpai
57,45,3,0,39,3,93.3,orihime,bleach
58,44,2,0,39,3,95.5,midnight,mha
59,44,0,0,41,3,100.0,ubel,frieren
60,43,5,1,30,7,86.0,satsuki,kill-la-kill
61,43,1,0,25,17,97.7,raven,dc
62,42,3,0,29,10,92.9,xenovia,dxd
63,42,0,0,36,6,100.0,rosalina,nintendo
64,41,1,0,29,11,97.6,hanabi,naruto
65,41,0,0,35,6,100.0,aerith,ff7
66,40,8,5,26,1,67.5,maomao,kusuria-no-hitorigoto
67,40,3,4,25,8,82.5,nino,quintessential
68,40,1,0,36,3,97.5,saeko,high-school-of-the-dead
69,40,11,0,27,2,72.5,mercy,overwatch
70,40,0,0,23,17,100.0,starfire,dc
71,39,7,1,30,1,79.5,chika,kaguya-sama
72,39,10,8,20,1,53.8,erina,shokugeki-no-souma
73,38,6,4,24,4,73.7,itsuki,quintessential
74,38,3,0,26,9,92.1,serena,pokemon
75,38,0,0,36,2,100.0,nessa,pokemon
76,37,4,2,28,3,83.8,makoto,persona-5
77,37,0,0,26,11,100.0,peach,nintendo
78,33,9,1,23,0,69.7,yoko,gurren-lagann
79,33,12,0,18,3,63.6,saber,fate
80,33,0,0,26,7,100.0,irina,dxd
81,33,0,0,24,9,100.0,momo-ayase,dandadan
82,31,7,1,22,1,74.2,horikita,cote
83,31,3,2,25,1,83.9,mari,evangelion
84,31,3,0,25,3,90.3,ruka,rent-a-girlfriend
85,31,3,0,24,4,90.3,mina,mha
86,31,1,0,27,3,96.8,leafa,sao
87,30,6,2,22,0,73.3,raphtalia,shield-hero
88,30,5,1,10,14,80.0,asia,dxd
89,30,3,4,21,2,76.7,ichika,quintessential
90,30,2,1,26,1,90.0,toph,avatar
91,29,1,1,27,0,93.1,juvia,fairy-tail
92,29,1,0,27,1,96.6,camie,mha
93,29,0,0,25,4,100.0,mimosa,black-clover
94,28,8,1,19,0,67.9,hestia,danmachi
95,28,7,0,19,2,75.0,rikka,gridman
96,28,5,1,12,10,78.6,temari,naruto
97,28,2,0,25,1,92.9,nagant,mha
98,28,2,0,23,3,92.9,toga,mha
99,28,2,0,15,11,92.9,annie,aot
100,28,0,0,17,11,100.0,fiona,spy-x-family
101,27,0,0,19,8,100.0,kushina,naruto
102,26,2,2,22,0,84.6,riza,fma
103,26,1,1,19,5,92.3,yuki,alya
104,26,0,0,26,0,100.0,gwen-tennyson,ben-10
105,26,0,0,23,3,100.0,sue-storm,marvel
106,25,7,8,8,2,40.0,kaho,blend-s
107,25,2,0,23,0,92.0,marcille,dungeon-meshi
108,25,0,0,22,3,100.0,alice-zuberg,sao
109,24,6,2,16,0,66.7,ais,danmachi
110,24,4,1,15,4,79.2,koneko,dxd
111,24,1,0,22,1,95.8,anna,makeine
112,24,1,0,21,2,95.8,rukia,bleach
113,24,1,1,20,2,91.7,wiz,konosuba
114,24,0,1,23,0,95.8,kaoruko,fragrant-flower
115,23,8,0,15,0,65.2,akame,akame-ga-kill
116,23,6,5,9,3,52.2,kaguya,kaguya-sama
117,23,3,1,15,4,82.6,yunyun,konosuba
118,23,1,0,14,8,95.7,videl,dragon-ball
119,22,7,4,10,1,50.0,alice,shokugeki-no-souma
120,22,2,1,19,0,86.4,azula,avatar
121,22,0,0,22,0,100.0,kikoru,kaiju
122,22,0,0,20,2,100.0,lusamine,pokemon
123,22,0,0,19,3,100.0,rei-miyamoto,high-school-of-the-dead
124,21,9,2,9,1,47.6,misaka,railgun
125,21,9,8,2,2,19.0,maika,blend-s
126,21,7,3,9,2,52.4,yukino,oregairu
127,21,15,6,0,0,0.0,kaori,your-lie-in-april
128,21,1,0,20,0,95.2,rebecca,one-piece
129,21,0,0,12,9,100.0,aira,dandadan
130,20,4,0,14,2,80.0,cc,code-geass
131,20,3,0,9,8,85.0,jiro,mha
132,20,18,2,0,0,0.0,saitama,one-punch
133,20,1,0,19,0,95.0,vermeil,vermeil-in-gold
134,20,1,0,18,1,95.0,kei,cote
135,20,1,1,15,3,90.0,masha,alya
136,20,0,0,15,5,100.0,chichi,dragon-ball
137,19,3,0,13,3,84.2,mt-lady,mha
138,19,2,0,17,0,89.5,mami,rent-a-girlfriend
139,19,1,5,13,0,68.4,faye,bebop
140,19,1,0,13,5,94.7,yoru,chainsaw-man
141,18,4,0,14,0,77.8,bocchi,bocchi
142,18,3,0,15,0,83.3,hinata-sakaguchi,tensura
143,18,2,0,15,1,88.9,mei,mha
144,18,2,0,14,2,88.9,shion,tensura
145,18,1,0,17,0,94.4,takamine,takamine
146,18,1,0,17,0,94.4,tamaki,fire-force
147,18,1,0,14,3,94.4,misato,evangelion
148,18,11,3,3,1,22.2,chitoge,nisekoi
149,18,1,0,12,5,94.4,tenten,naruto
150,18,0,0,18,0,100.0,black-cat,marvel
151,17,15,2,0,0,0.0,nao,charlotte
152,17,1,0,16,0,94.1,nano,100-kanojos
153,17,1,0,11,5,94.1,dawn,pokemon
154,17,0,0,17,0,100.0,perona,one-piece
155,17,0,0,17,0,100.0,elinalise,mushoku
156,17,0,0,17,0,100.0,sword-maiden,goblin-slayer
157,17,0,0,17,0,100.0,yakumo,chained-soldier
158,17,0,0,16,1,100.0,marikawa,high-school-of-the-dead
159,17,0,0,10,7,100.0,blonde-blazer,dispatch
160,16,4,0,12,0,75.0,winry,fma
161,16,3,0,11,2,81.2,methode,frieren
162,16,2,0,14,0,87.5,ikaros,sora-no-otoshimono
163,16,2,0,13,1,87.5,nero,black-clover
164,16,2,0,12,2,87.5,a2,nier
165,16,15,0,1,0,6.2,violet,violet-evergarden
166,16,1,0,15,0,93.8,luminous-valentine,tensura
167,16,1,0,15,0,93.8,pop-step,mha
168,16,1,0,14,1,93.8,misty,pokemon
169,16,1,0,14,1,93.8,vanessa,black-clover
170,16,1,0,13,2,93.8,uta,one-piece
171,16,0,0,16,0,100.0,dark-magician-girl,yu-gi-oh
172,16,0,0,16,0,100.0,sana-sunomiya,nagatoro
173,16,0,0,16,0,100.0,ren,chained-soldier
174,15,9,6,0,0,0.0,deku,mha
175,15,3,0,12,0,80.0,alina-clover,guild-receptionist
176,15,12,3,0,0,0.0,eren,aot
177,15,1,0,13,1,93.3,reiju,one-piece
178,15,0,0,15,0,100.0,lune,expedition-33
179,15,0,0,15,0,100.0,chabashira,cote
180,15,0,0,14,1,100.0,carmine,pokemon
181,15,0,0,13,2,100.0,shuuko-komi,komi-san
182,14,7,7,0,0,0.0,yato,noragami
183,14,4,0,7,3,71.4,tracer,overwatch
184,14,3,0,9,2,78.6,dva,overwatch
185,14,3,0,10,1,78.6,kendo,mha
186,14,1,0,7,6,92.9,tsuyu,mha
187,14,1,0,10,3,92.9,mizukage,naruto
188,14,10,3,0,1,7.1,onodera,nisekoi
189,14,0,0,14,0,100.0,nico,witch-watch
190,14,0,0,14,0,100.0,rosa,pokemon
191,14,0,0,14,0,100.0,sae-niijima,persona-5
192,14,0,0,11,3,100.0,konan,naruto
193,14,0,2,10,2,85.7,milim,tensura
194,14,0,0,10,4,100.0,daisy,nintendo
195,13,9,2,0,2,15.4,rimuru,tensura
196,13,8,5,0,0,0.0,edward,fma
197,13,8,5,0,0,0.0,asta,black-clover
198,13,5,8,0,0,0.0,souma,shokugeki-no-souma
199,13,2,2,9,0,69.2,katara,avatar
200,13,2,1,10,0,76.9,karane,100-kanojos
201,13,0,0,8,5,100.0,kurenai,naruto
202,13,0,0,13,0,100.0,takagi,high-school-of-the-dead
203,13,0,0,13,0,100.0,marika,from
204,13,0,0,12,1,100.0,stussy,one-piece
205,13,0,0,12,1,100.0,zoey,kpop-demon-hunters
206,12,4,2,6,0,50.0,miyuki,the-irregular-at-magic-high-school
207,12,2,4,4,2,50.0,yotsuba,quintessential
208,12,1,0,8,3,91.7,may,pokemon
209,12,1,0,11,0,91.7,ryu,danmachi
210,12,0,0,7,5,100.0,power,chainsaw-man
211,12,0,0,5,7,100.0,invisigal,dispatch
212,12,0,0,12,0,100.0,kim,kim-possible
213,12,0,0,10,2,100.0,elsa,disney
214,11,9,2,0,0,0.0,todoroki,mha
215,11,9,2,0,0,0.0,all-might,mha
216,11,5,0,6,0,54.5,leone,akame-ga-kill
217,11,5,3,3,0,27.3,megumi,shokugeki-no-souma
218,11,5,4,1,1,18.2,shiro,no-game-no-life
219,11,2,0,7,2,81.8,shuna,tensura
220,11,2,8,1,0,9.1,hori,horimiya
221,11,0,0,11,0,100.0,elfaria,wistoria
222,10,9,1,0,0,0.0,luffy,one-piece
223,10,7,1,2,0,20.0,satou,interview-with-monster-girls
224,10,5,5,0,0,0.0,hyori,noragami
225,10,4,6,0,0,0.0,mafuyu,blend-s
226,10,3,0,7,0,70.0,eris-greyrat,mushoku
227,10,2,8,0,0,0.0,miyamura,horimiya
228,10,1,0,9,0,90.0,maelle,expedition-33
229,10,1,3,4,2,60.0,yui,oregairu
230,10,0,0,9,1,100.0,samui,naruto
231,10,0,0,9,1,100.0,atom-eve,invincible
232,10,0,0,9,1,100.0,astrid,dragon-trainer
233,10,0,0,9,1,100.0,asa,chainsaw-man
234,10,0,1,8,1,90.0,akane-hououji,megami-no-cafe-terrace
235,10,0,0,10,0,100.0,subaru,fragrant-flower
236,10,0,0,10,0,100.0,seira,dress-up-darling
237,9,8,1,0,0,0.0,levi,aot
238,9,7,2,0,0,0.0,zuko,avatar
239,9,6,2,0,1,11.1,sistine,akashic-record-of-bastard-magical
240,9,6,0,0,3,33.3,ai-hayasaka,kaguya-sama
241,9,5,3,1,0,11.1,tachibana,nisekoi
242,9,4,0,5,0,55.6,saegusa,the-irregular-at-magic-high-school
243,9,4,0,5,0,55.6,furuhashi,bokuben
244,9,4,2,3,0,33.3,rory,gate
245,9,3,2,4,0,44.4,futaba,bunny-girl-senpai
246,9,2,0,7,0,77.8,shirahoshi,one-piece
247,9,2,0,7,0,77.8,kalifa,one-piece
248,9,2,0,7,0,77.8,sakayanagi,cote
249,9,2,0,6,1,77.8,hange,aot
250,9,2,0,5,2,77.8,kallen,code-geass
251,9,2,0,4,3,77.8,harime-nui,kill-la-kill
252,9,1,0,8,0,88.9,hina-tachibana,domestic-girlfriend
253,9,1,0,8,0,88.9,nanase,cote
254,9,1,0,8,0,88.9,kirisu,bokuben
255,9,1,1,7,0,77.8,misa,death-note
256,9,0,0,9,0,100.0,mirellia-q-melromarc,shield-hero
257,9,0,0,9,0,100.0,mitsuki-bakugo,mha
258,9,0,0,9,0,100.0,aura,frieren
259,9,0,0,9,0,100.0,rossweisse,dxd
260,9,0,1,8,0,88.9,ikumi,shokugeki-no-souma
261,9,0,1,8,0,88.9,ichinose,cote
262,9,0,0,8,1,100.0,cana,fairy-tail
263,9,0,0,8,1,100.0,himeno,chainsaw-man
264,9,0,0,7,2,100.0,kaminashi,keijo
265,8,5,0,3,0,37.5,roxy,mushoku
266,8,5,0,3,0,37.5,priestess,goblin-slayer
267,8,5,3,0,0,0.0,bakugo,mha
268,8,5,3,0,0,0.0,light,death-note
269,8,5,3,0,0,0.0,aang,avatar
270,8,4,0,4,0,50.0,yumeko,kakegurui
271,8,4,0,4,0,50.0,liliruca,danmachi
272,8,4,0,4,0,50.0,chelsea,akame-ga-kill
273,8,4,3,1,0,12.5,tsumugi,nisekoi
274,8,4,3,0,1,12.5,anya,spy-x-family
275,8,3,5,0,0,0.0,spike,bebop
276,8,2,0,6,0,75.0,tio,arifureta
277,8,2,6,0,0,0.0,kousei,your-lie-in-april
278,8,2,6,0,0,0.0,alphonse,fma
279,8,0,0,8,0,100.0,narberal-gamma,overlord
280,8,0,0,8,0,100.0,hagakure,mha
281,8,0,0,8,0,100.0,gwen-stacy,marvel
282,8,0,0,8,0,100.0,ruri,dr-stone
283,8,0,0,8,0,100.0,lillian-weinberg,dr-stone
284,8,0,0,8,0,100.0,mereoleona,black-clover
285,8,0,0,8,0,100.0,charlotte,black-clover
286,8,0,1,7,0,87.5,yamai,komi-san
287,8,0,0,7,1,100.0,bea,pokemon
288,8,0,0,7,1,100.0,mira,kpop-demon-hunters
289,7,5,2,0,0,0.0,shiba,the-irregular-at-magic-high-school
290,7,5,2,0,0,0.0,kamina,gurren-lagann
291,7,4,3,0,0,0.0,stark,frieren
292,7,4,3,0,0,0.0,l,death-note
293,7,4,2,0,1,14.3,rumia,akashic-record-of-bastard-magical
294,7,3,0,4,0,57.1,elf,goblin-slayer
295,7,3,0,4,0,57.1,kushida,cote
296,7,3,0,2,2,57.1,widowmaker,overwatch
297,7,3,4,0,0,0.0,sora,no-game-no-life
298,7,2,5,0,0,0.0,kazuma,konosuba
299,7,2,5,0,0,0.0,shirogane,kaguya-sama
300,7,1,0,6,0,85.7,hilda,pokemon
301,7,1,0,6,0,85.7,wonder-woman,dc
302,7,1,0,6,0,85.7,ogata,bokuben
303,7,1,1,5,0,71.4,gyokuyou,kusuria-no-hitorigoto
304,7,1,1,5,0,71.4,chris,konosuba
305,7,1,0,5,1,85.7,scarlet-witch,marvel
306,7,1,1,2,3,71.4,historia,aot
307,7,0,0,7,0,100.0,ahsoka,star-wars
308,7,0,0,7,0,100.0,shildina,shield-hero
309,7,0,0,7,0,100.0,maki-gamo,nagatoro
310,7,0,0,7,0,100.0,misha-necron,misfit-demon-king
311,7,0,0,7,0,100.0,mina-ashiro,kaiju
312,7,0,0,7,0,100.0,maki-oze,fire-force
313,7,0,0,7,0,100.0,hibana,fire-force
314,7,0,0,7,0,100.0,juju,dress-up-darling
315,7,0,0,7,0,100.0,freya,danmachi
316,7,0,0,7,0,100.0,vladildena,86
317,7,0,1,6,0,85.7,ty-lee,avatar
318,7,0,0,6,1,100.0,rumi,kpop-demon-hunters
319,7,0,0,6,1,100.0,laufen,frieren
320,7,0,0,6,1,100.0,nowa,dress-up-darling
321,7,0,0,5,2,100.0,sonia,pokemon
322,7,0,0,3,4,100.0,lillie,pokemon
323,6,6,0,0,0,0.0,zoro,one-piece
324,6,5,1,0,0,0.0,rindo,shokugeki-no-souma
325,6,5,1,0,0,0.0,goblin-slayer,goblin-slayer
326,6,4,2,0,0,0.0,genos,one-punch
327,6,4,2,0,0,0.0,simon,gurren-lagann
328,6,4,2,0,0,0.0,decim,death-parade
329,6,4,2,0,0,0.0,miu,blend-s
330,6,3,0,3,0,50.0,ayame,shimonetta
331,6,3,3,0,0,0.0,yukine,noragami
332,6,2,0,4,0,66.7,nishinomia,shimonetta
333,6,2,1,3,0,50.0,sylphie,mushoku
334,6,1,0,5,0,83.3,rui-tachibana,domestic-girlfriend
335,6,1,0,5,0,83.3,kurome,akame-ga-kill
336,6,1,1,4,0,66.7,bishamon,noragami
337,6,1,1,4,0,66.7,harley-quinn,dc
338,6,0,0,6,0,100.0,miyu,you-and-i-are-polar-opposite
339,6,0,0,6,0,100.0,malty,shield-hero
340,6,0,0,6,0,100.0,daphne,scooby-doo
341,6,0,0,6,0,100.0,do-s,one-punch
342,6,0,0,6,0,100.0,zenith,mushoku
343,6,0,0,6,0,100.0,ai-haysaka,kaguya-sama
344,6,0,0,6,0,100.0,blackfire,dc
345,6,0,0,6,0,100.0,maya-satou,cote
346,6,0,0,6,0,100.0,fubuki-azuma,chained-soldier
347,6,0,0,6,0,100.0,irina-jelavic,assassination-classroom
348,6,0,0,6,0,100.0,nonoa,alya
349,6,0,0,5,1,100.0,serie,frieren
350,6,0,0,5,1,100.0,kobeni,chainsaw-man
351,6,0,0,4,2,100.0,diantha,pokemon
352,6,0,0,4,2,100.0,mantis,marvel
353,6,0,0,4,2,100.0,shirley,code-geass
354,6,0,6,0,0,0.0,yachiho-azuma,chained-soldier
355,6,0,6,0,0,0.0,nafw,chained-soldier
356,5,5,0,0,0,0.0,elania,wandering-witch
357,5,5,0,0,0,0.0,emi-yusa,devil-part-timer
358,5,5,0,0,0,0.0,lelouch,code-geass
359,5,4,1,0,0,0.0,lust,fma
360,5,4,1,0,0,0.0,ayanokouji,cote
361,5,3,0,2,0,40.0,shalletear,overlord
362,5,3,2,0,0,0.0,naofumi,shield-hero
363,5,3,2,0,0,0.0,joker,persona-5
364,5,3,2,0,0,0.0,mustang,fma
365,5,2,0,3,0,60.0,iroha,oregairu
366,5,2,0,3,0,60.0,kita,bocchi
367,5,2,0,3,0,60.0,mine,akame-ga-kill
368,5,2,3,0,0,0.0,taiga,toradora
369,5,2,3,0,0,0.0,shinji,evangelion
370,5,2,3,0,0,0.0,yuno,black-clover
371,5,1,0,4,0,80.0,astraea,sora-no-otoshimono
372,5,1,0,4,0,80.0,yaemori,rent-a-girlfriend
373,5,1,0,4,0,80.0,sumi,rent-a-girlfriend
374,5,1,0,4,0,80.0,skyla,pokemon
375,5,1,1,3,0,60.0,ami-kawashima,toradora
376,5,1,0,2,2,80.0,akane,gridman
377,5,1,0,2,2,80.0,soi,bleach
378,5,0,0,5,0,100.0,colette,wistoria
379,5,0,0,5,0,100.0,akemi,tomo-chan
380,5,0,0,5,0,100.0,camilla,spy-x-family
381,5,0,0,5,0,100.0,ashe,overwatch
382,5,0,0,5,0,100.0,captain-mizuki,one-punch
383,5,0,0,5,0,100.0,lilith,one-piece
384,5,0,0,5,0,100.0,shizune,naruto
385,5,0,0,5,0,100.0,sarada,naruto
386,5,0,0,5,0,100.0,kusakai-mio,keijo
387,5,0,0,5,0,100.0,flamme,frieren
388,5,0,0,5,0,100.0,yuzuriha,dr-stone
389,5,0,0,5,0,100.0,shinju,dress-up-darling
390,5,0,0,5,0,100.0,vados,dragon-ball
391,5,0,0,5,0,100.0,mimimi,100-kanojos
392,5,0,1,4,0,80.0,lihua,kusuria-no-hitorigoto
393,5,0,1,4,0,80.0,guild-girl,goblin-slayer
394,5,0,1,4,0,80.0,ayano,alya
395,5,0,0,4,1,100.0,shego,kim-possible
396,5,0,0,2,3,100.0,sayaka,keijo
397,5,0,1,1,3,80.0,eris,konosuba
398,5,0,5,0,0,0.0,jinshi,kusuria-no-hitorigoto
399,4,4,0,0,0,0.0,eva01,evangelion
400,4,4,0,0,0,0.0,guts,berserk
401,4,4,0,0,0,0.0,glenn,akashic-record-of-bastard-magical
402,4,3,1,0,0,0.0,link,zelda
403,4,3,1,0,0,0.0,senku,dr-stone
404,4,3,1,0,0,0.0,nona,death-parade
405,4,3,0,0,1,25.0,jibril,no-game-no-life
406,4,2,0,2,0,50.0,bonny,one-piece
407,4,2,0,2,0,50.0,stephanie,no-game-no-life
408,4,2,0,2,0,50.0,ryo,bocchi
409,4,2,1,1,0,25.0,harui,harui-suzumiya
410,4,2,2,0,0,0.0,ruri-miyamoto,nisekoi
411,4,2,2,0,0,0.0,haru-onodera,nisekoi
412,4,2,2,0,0,0.0,tuka,gate
413,4,2,2,0,0,0.0,ryuk,death-note
414,4,1,0,3,0,75.0,syr,danmachi
415,4,1,0,3,0,75.0,tomoe-koga,bunny-girl-senpai
416,4,1,1,2,0,50.0,hakari,100-kanojos
417,4,0,0,4,0,100.0,natsuko,zenshu
418,4,0,0,4,0,100.0,misuzu,tomo-chan
419,4,0,0,4,0,100.0,misaki-gundo,tomo-chan
420,4,0,0,4,0,100.0,ferris,tomo-chan
421,4,0,0,4,0,100.0,carol,tomo-chan
422,4,0,0,4,0,100.0,angelika-kudou-shields,the-irregular-at-magic-high-school
423,4,0,0,4,0,100.0,testarossa,tensura
424,4,0,0,4,0,100.0,albis,tensura
425,4,0,0,4,0,100.0,ellie,takamine
426,4,0,0,4,0,100.0,eve,stellar-blade
427,4,0,0,4,0,100.0,handler,spy-x-family
428,4,0,0,4,0,100.0,monica,silent-witch
429,4,0,0,4,0,100.0,lana-colette,silent-witch
430,4,0,0,4,0,100.0,eclair,shield-hero
431,4,0,0,4,0,100.0,akira,sakamoto-days
432,4,0,0,4,0,100.0,whitney,pokemon
433,4,0,0,4,0,100.0,nemona,pokemon
434,4,0,0,4,0,100.0,hibiki,onegai-muscle
435,4,0,0,4,0,100.0,yoshi,nagatoro
436,4,0,0,4,0,100.0,nagatoros-sakura,nagatoro
437,4,0,0,4,0,100.0,lilia,mushoku
438,4,0,0,4,0,100.0,hilda-boreas-greyrat,mushoku
439,4,0,0,4,0,100.0,ghislaine,mushoku
440,4,0,0,4,0,100.0,sasha-necron,misfit-demon-king
441,4,0,0,4,0,100.0,monika-kaniyashiki,mha
442,4,0,0,4,0,100.0,tsubomi-haruno,medaka-kuroiwa-is-impervious-to-my-charms
443,4,0,0,4,0,100.0,suirei,kusuria-no-hitorigoto
444,4,0,0,4,0,100.0,hongniang,kusuria-no-hitorigoto
445,4,0,0,4,0,100.0,sena,konosuba
446,4,0,0,4,0,100.0,yadano,komi-san
447,4,0,0,4,0,100.0,nonon,kill-la-kill
448,4,0,0,4,0,100.0,zoe-thompson,invincible
449,4,0,0,4,0,100.0,monster-girl,invincible
450,4,0,0,4,0,100.0,yuu-amami,i-made-friends-with-the-second-prittiest-girl-in-my-class
451,4,0,0,4,0,100.0,umi-asanagi,i-made-friends-with-the-second-prittiest-girl-in-my-class
452,4,0,0,4,0,100.0,kyouko-rintaro,fragrant-flower
453,4,0,0,4,0,100.0,ritsuko,evangelion
454,4,0,0,4,0,100.0,minami,dr-stone
455,4,0,0,4,0,100.0,luna,dr-stone
456,4,0,0,4,0,100.0,hawkgirl,dc
457,4,0,0,4,0,100.0,ichika-amasawa,cote
458,4,0,0,4,0,100.0,ibuki,cote
459,4,0,0,4,0,100.0,hasebe,cote
460,4,0,0,4,0,100.0,tenka-izumo,chained-soldier
461,4,0,0,4,0,100.0,kamiunten,chained-soldier
462,4,0,0,4,0,100.0,shizuku-yaegashi,arifureta
463,4,0,0,4,0,100.0,pieck,aot
464,4,0,0,3,1,100.0,lara,tomb-raider
465,4,0,0,3,1,100.0,falin,dungeon-meshi
466,4,0,1,2,1,75.0,shiragiku,megami-no-cafe-terrace
467,4,0,1,2,1,75.0,riho,megami-no-cafe-terrace
468,4,0,1,2,1,75.0,ouka,megami-no-cafe-terrace
469,4,0,0,2,2,100.0,supergirl,dc
470,4,0,0,2,2,100.0,villetta,code-geass
471,4,0,0,1,3,100.0,aoba,keijo
472,4,0,0,0,4,100.0,psylocke,marvel
473,3,3,0,0,0,0.0,typhlosion,pokemon
474,3,3,0,0,0,0.0,gyarados,pokemon
475,3,3,0,0,0,0.0,garchomp,pokemon
476,3,3,0,0,0,0.0,ainz,overlord
477,3,3,0,0,0,0.0,boros,one-punch
478,3,3,0,0,0,0.0,aizawa,mha
479,3,3,0,0,0,0.0,spider-man,marvel
480,3,3,0,0,0,0.0,malenia,from
481,3,3,0,0,0,0.0,eva02,evangelion
482,3,3,0,0,0,0.0,nishimori,charlotte
483,3,3,0,0,0,0.0,rin-onigawara,busou-shoujo-machiavellianism
484,3,3,0,0,0,0.0,kaede,bunny-girl-senpai
485,3,3,0,0,0,0.0,berserker,berserk
486,3,3,0,0,0,0.0,sasha,aot
487,3,3,0,0,0,0.0,vladilena,86
488,3,3,0,0,0,0.0,hahari,100-kanojos
489,3,2,1,0,0,0.0,tsukasa,tonikawa
490,3,2,1,0,0,0.0,mewtwo,pokemon
491,3,2,1,0,0,0.0,latios,pokemon
492,3,2,1,0,0,0.0,arsene,persona-5
493,3,2,1,0,0,0.0,airi,cote
494,3,1,0,2,0,66.7,nymph,sora-no-otoshimono
495,3,1,0,2,0,66.7,melty,shield-hero
496,3,1,0,2,0,66.7,nijika,bocchi
497,3,1,0,1,1,66.7,tashigi,one-piece
498,3,1,2,0,0,0.0,hayama,shokugeki-no-souma
499,3,1,2,0,0,0.0,lelei,gate
500,3,1,2,0,0,0.0,himmel,frieren
501,3,1,1,0,1,33.3,mankanshoku,kill-la-kill
502,3,1,0,0,2,66.7,mirajane,fairy-tail
503,3,0,0,3,0,100.0,beatrix,zom100
504,3,0,0,3,0,100.0,samantha,totally-spies
505,3,0,0,3,0,100.0,alexandra,totally-spies
506,3,0,0,3,0,100.0,stellar-blade-raven,stellar-blade
507,3,0,0,3,0,100.0,ariane,skeleton-knight
508,3,0,0,3,0,100.0,sadina,shield-hero
509,3,0,0,3,0,100.0,quinella,sao
510,3,0,0,3,0,100.0,hana-sunomiya,nagatoro
511,3,0,0,3,0,100.0,nanahosi,mushoku
512,3,0,0,3,0,100.0,asahi,medaka-kuroiwa-is-impervious-to-my-charms
513,3,0,0,3,0,100.0,karen-himemiya,makeine
514,3,0,0,3,0,100.0,kanan,kusuria-no-hitorigoto
515,3,0,0,3,0,100.0,sawada,horimiya
516,3,0,0,3,0,100.0,firekeeper,from
517,3,0,0,3,0,100.0,iris,fire-force
518,3,0,0,3,0,100.0,black-canary,dc
519,3,0,0,3,0,100.0,kyouka,chained-soldier
520,3,0,0,3,0,100.0,uruka,bokuben
521,3,0,0,3,0,100.0,shirasaki,arifureta
522,3,0,0,3,0,100.0,shea,arifureta
523,3,0,0,3,0,100.0,kusuri,100-kanojos
524,3,0,0,2,1,100.0,misaki,railgun
525,3,0,0,1,2,100.0,tomoe,tsukimichi
526,3,0,0,1,2,100.0,toyoguchi,keijo
527,3,0,0,1,2,100.0,caulifa,dragon-ball
528,3,0,0,1,2,100.0,seiko-ayase,dandadan
529,3,0,3,0,0,0.0,ryuji,toradora
530,3,0,3,0,0,0.0,jet,bebop
531,3,0,3,0,0,0.0,ed,bebop
532,3,0,0,0,3,100.0,luna-snow,marvel
533,3,0,0,0,3,100.0,fami,chainsaw-man
534,2,2,0,0,0,0.0,tsubaki,your-lie-in-april
535,2,2,0,0,0,0.0,vash,trigun
536,2,2,0,0,0,0.0,benimaru,tensura
537,2,2,0,0,0,0.0,forgers,spy-x-family
538,2,2,0,0,0,0.0,arato,shokugeki-no-souma
539,2,2,0,0,0,0.0,rayquaza,pokemon
540,2,2,0,0,0,0.0,kyogre,pokemon
541,2,2,0,0,0,0.0,groudon,pokemon
542,2,2,0,0,0,0.0,darkrai,pokemon
543,2,2,0,0,0,0.0,blaziken,pokemon
544,2,2,0,0,0,0.0,sebas,overlord
545,2,2,0,0,0,0.0,demiurgos,overlord
546,2,2,0,0,0,0.0,cocytus,overlord
547,2,2,0,0,0,0.0,sonic,one-punch
548,2,2,0,0,0,0.0,mugiwara,one-piece
549,2,2,0,0,0,0.0,chopper,one-piece
550,2,2,0,0,0,0.0,izuna,no-game-no-life
551,2,2,0,0,0,0.0,chlammy,no-game-no-life
552,2,2,0,0,0,0.0,tokoyami,mha
553,2,2,0,0,0,0.0,shiharaki,mha
554,2,2,0,0,0,0.0,mirio,mha
555,2,2,0,0,0,0.0,kaminari,mha
556,2,2,0,0,0,0.0,iida,mha
557,2,2,0,0,0,0.0,crawler,mha
558,2,2,0,0,0,0.0,nia,gurren-lagann
559,2,2,0,0,0,0.0,totoro,ghibli
560,2,2,0,0,0,0.0,ghibli,ghibli
561,2,2,0,0,0,0.0,eva00,evangelion
562,2,2,0,0,0,0.0,kaitou-kid,detective-conan
563,2,2,0,0,0,0.0,kessoku-band,bocchi
564,2,2,0,0,0,0.0,momo,avatar
565,2,2,0,0,0,0.0,yue,arifureta
566,2,2,0,0,0,0.0,armored-titan,aot
567,2,2,0,0,0,0.0,tatsumi,akame-ga-kill
568,2,2,0,0,0,0.0,sheele,akame-ga-kill
569,2,2,0,0,0,0.0,seryuu,akame-ga-kill
570,2,2,0,0,0,0.0,lubblock,akame-ga-kill
571,2,2,0,0,0,0.0,fuuki,aho-girl
572,2,1,0,1,0,50.0,mandalay,mha
573,2,1,0,1,0,50.0,black-widow,marvel
574,2,1,0,1,0,50.0,sayu,higehiro
575,2,1,0,1,0,50.0,terra,dc
576,2,1,1,0,0,0.0,tsukasa-eishi,shokugeki-no-souma
577,2,1,1,0,0,0.0,ryouko,shokugeki-no-souma
578,2,1,1,0,0,0.0,kuroko,railgun
579,2,1,1,0,0,0.0,pikachu,pokemon
580,2,1,1,0,0,0.0,heatran,pokemon
581,2,1,1,0,0,0.0,stray,noragami
582,2,1,1,0,0,0.0,igarashi,my-senpai-is-annoying
583,2,1,1,0,0,0.0,afo,mha
584,2,1,1,0,0,0.0,ishigami,kaguya-sama
585,2,1,1,0,0,0.0,gurren-lagann,gurren-lagann
586,2,1,1,0,0,0.0,wrath,fma
587,2,1,1,0,0,0.0,shinichi,detective-conan
588,2,1,1,0,0,0.0,kogoro,detective-conan
589,2,1,1,0,0,0.0,conan,detective-conan
590,2,1,1,0,0,0.0,ai-haibara,detective-conan
591,2,1,1,0,0,0.0,ginti,death-parade
592,2,1,1,0,0,0.0,yami,black-clover
593,2,1,1,0,0,0.0,sokka,avatar
594,2,1,0,0,1,50.0,yuuki,sao
595,2,0,0,2,0,100.0,tomo,tomo-chan
596,2,0,0,2,0,100.0,sohara,sora-no-otoshimono
597,2,0,0,2,0,100.0,gardenia,pokemon
598,2,0,0,2,0,100.0,emma,pokemon
599,2,0,0,2,0,100.0,canari,pokemon
600,2,0,0,2,0,100.0,brigitte,overwatch
601,2,0,0,2,0,100.0,solution-epsilon,overlord
602,2,0,0,2,0,100.0,shakky,one-piece
603,2,0,0,2,0,100.0,ishilly,one-piece
604,2,0,0,2,0,100.0,fuyumi,mha
605,2,0,0,2,0,100.0,mona,medaka-kuroiwa-is-impervious-to-my-charms
606,2,0,0,2,0,100.0,tsukinoki,makeine
607,2,0,0,2,0,100.0,jessica-rabbit,looney-tunes
608,2,0,0,2,0,100.0,meimei,kusuria-no-hitorigoto
609,2,0,0,2,0,100.0,joka,kusuria-no-hitorigoto
610,2,0,0,2,0,100.0,aylin,kusuria-no-hitorigoto
611,2,0,0,2,0,100.0,konosuba-guild-receptionist,konosuba
612,2,0,0,2,0,100.0,wendy,gravity-falls
613,2,0,0,2,0,100.0,farm-girl,goblin-slayer
614,2,0,0,2,0,100.0,cheelai,dragon-ball
615,2,0,0,2,0,100.0,tinkerbell,disney
616,2,0,0,2,0,100.0,megara,disney
617,2,0,0,2,0,100.0,himari-azuma,chained-soldier
618,2,0,0,2,0,100.0,ginna,chained-soldier
619,2,0,0,2,0,100.0,retsu,bleach
620,2,0,0,2,0,100.0,nanaba,aot
621,2,0,1,1,0,50.0,sakurai,my-senpai-is-annoying
622,2,0,1,1,0,50.0,loulan,kusuria-no-hitorigoto
623,2,0,1,1,0,50.0,catwoman,dc
624,2,0,1,1,0,50.0,mai-avatar,avatar
625,2,0,0,1,1,100.0,perrin,pokemon
626,2,0,0,1,1,100.0,psychos,one-punch
627,2,0,0,1,1,100.0,anko,naruto
628,2,0,0,1,1,100.0,korra,avatar
629,2,0,2,0,0,0.0,mipha,zelda
630,2,0,2,0,0,0.0,bond,spy-x-family
631,2,0,2,0,0,0.0,kurokiba,shokugeki-no-souma
632,2,0,2,0,0,0.0,yusuke-kitagawa,persona-5
633,2,0,2,0,0,0.0,ryuji-sakamoto,persona-5
634,2,0,2,0,0,0.0,haru-okumura,persona-5
635,2,0,2,0,0,0.0,rudeus,mushoku
636,2,0,2,0,0,0.0,ling-yao,fma
637,2,0,2,0,0,0.0,kaoru,evangelion
638,2,0,2,0,0,0.0,eiji,detective-conan
639,2,0,2,0,0,0.0,chiyuki,death-parade
640,2,0,2,0,0,0.0,yu,charlotte
641,2,0,2,0,0,0.0,trio,aot
642,2,0,2,0,0,0.0,aot,aot
643,2,0,2,0,0,0.0,re,akashic-record-of-bastard-magical
644,2,0,0,0,2,100.0,mio,tsukimichi
645,2,0,0,0,2,100.0,belle,pokemon
646,2,0,0,0,2,100.0,s,one-punch
647,2,0,0,0,2,100.0,do,one-punch
648,2,0,0,0,2,100.0,black-maria,one-piece
649,2,0,0,0,2,100.0,ragyou,kill-la-kill
650,2,0,0,0,2,100.0,maron,dragon-ball
651,2,0,0,0,2,100.0,chi,dragon-ball
652,2,0,0,0,2,100.0,powergirl,dc
653,1,1,0,0,0,0.0,victorica,wandering-witch
654,1,1,0,0,0,0.0,erika,the-irregular-at-magic-high-school
655,1,1,0,0,0,0.0,souei,tensura
656,1,1,0,0,0,0.0,shizu,tensura
657,1,1,0,0,0,0.0,ranga,tensura
658,1,1,0,0,0,0.0,kurobee,tensura
659,1,1,0,0,0,0.0,hagoromo,tensura
660,1,1,0,0,0,0.0,gabiru,tensura
661,1,1,0,0,0,0.0,diablo,tensura
662,1,1,0,0,0,0.0,yoda,star-wars
663,1,1,0,0,0,0.0,vader,star-wars
664,1,1,0,0,0,0.0,maul,star-wars
665,1,1,0,0,0,0.0,kenobi,star-wars
666,1,1,0,0,0,0.0,boba-fett,star-wars
667,1,1,0,0,0,0.0,anakin,star-wars
668,1,1,0,0,0,0.0,loid,spy-x-family
669,1,1,0,0,0,0.0,fuwa,shimoneta
670,1,1,0,0,0,0.0,lisbeth,sao
671,1,1,0,0,0,0.0,kanazaki,railgun
672,1,1,0,0,0,0.0,istuki,quintessential
673,1,1,0,0,0,0.0,zygarde,pokemon
674,1,1,0,0,0,0.0,zoroark,pokemon
675,1,1,0,0,0,0.0,zacian,pokemon
676,1,1,0,0,0,0.0,yveltal,pokemon
677,1,1,0,0,0,0.0,wobbuffet,pokemon
678,1,1,0,0,0,0.0,weather-trio,pokemon
679,1,1,0,0,0,0.0,venusaur,pokemon
680,1,1,0,0,0,0.0,swordmasters,pokemon
681,1,1,0,0,0,0.0,snorlax,pokemon
682,1,1,0,0,0,0.0,sinistcha,pokemon
683,1,1,0,0,0,0.0,sharpedo,pokemon
684,1,1,0,0,0,0.0,salamance,pokemon
685,1,1,0,0,0,0.0,regis,pokemon
686,1,1,0,0,0,0.0,regigigas,pokemon
687,1,1,0,0,0,0.0,raichu,pokemon
688,1,1,0,0,0,0.0,pheromosa,pokemon
689,1,1,0,0,0,0.0,nidoqueen,pokemon
690,1,1,0,0,0,0.0,nidoking,pokemon
691,1,1,0,0,0,0.0,necrozma,pokemon
692,1,1,0,0,0,0.0,n,pokemon
693,1,1,0,0,0,0.0,miraidon,pokemon
694,1,1,0,0,0,0.0,mimikyu,pokemon
695,1,1,0,0,0,0.0,milotic,pokemon
696,1,1,0,0,0,0.0,mawile,pokemon
697,1,1,0,0,0,0.0,marowak,pokemon
698,1,1,0,0,0,0.0,mallow,pokemon
699,1,1,0,0,0,0.0,magearna,pokemon
700,1,1,0,0,0,0.0,lopunny,pokemon
701,1,1,0,0,0,0.0,life-trio,pokemon
702,1,1,0,0,0,0.0,legendary-birds,pokemon
703,1,1,0,0,0,0.0,legendary-beasts,pokemon
704,1,1,0,0,0,0.0,lake-guardians,pokemon
705,1,1,0,0,0,0.0,iron-moth,pokemon
706,1,1,0,0,0,0.0,incineroar,pokemon
707,1,1,0,0,0,0.0,giratina,pokemon
708,1,1,0,0,0,0.0,genies,pokemon
709,1,1,0,0,0,0.0,gardevoir,pokemon
710,1,1,0,0,0,0.0,froslass,pokemon
711,1,1,0,0,0,0.0,flygon,pokemon
712,1,1,0,0,0,0.0,dragon-trio,pokemon
713,1,1,0,0,0,0.0,dragonite,pokemon
714,1,1,0,0,0,0.0,dragapult,pokemon
715,1,1,0,0,0,0.0,dialga,pokemon
716,1,1,0,0,0,0.0,deoxis,pokemon
717,1,1,0,0,0,0.0,decidueye,pokemon
718,1,1,0,0,0,0.0,cyndaquil,pokemon
719,1,1,0,0,0,0.0,crobat,pokemon
720,1,1,0,0,0,0.0,creation-trio,pokemon
721,1,1,0,0,0,0.0,charizard,pokemon
722,1,1,0,0,0,0.0,chandelure,pokemon
723,1,1,0,0,0,0.0,ceruledge,pokemon
724,1,1,0,0,0,0.0,blissey,pokemon
725,1,1,0,0,0,0.0,blastoise,pokemon
726,1,1,0,0,0,0.0,beldum,pokemon
727,1,1,0,0,0,0.0,banette,pokemon
728,1,1,0,0,0,0.0,ash,pokemon
729,1,1,0,0,0,0.0,articuno,pokemon
730,1,1,0,0,0,0.0,arcanine,pokemon
731,1,1,0,0,0,0.0,alakazam,pokemon
732,1,1,0,0,0,0.0,aaron,pokemon
733,1,1,0,0,0,0.0,eiko,paripi-koumei
734,1,1,0,0,0,0.0,scama-elbero,overlord
735,1,1,0,0,0,0.0,momon,overlord
736,1,1,0,0,0,0.0,ok,one-punch
737,1,1,0,0,0,0.0,mumen-raider,one-punch
738,1,1,0,0,0,0.0,mosquito-girl,one-punch
739,1,1,0,0,0,0.0,metal-bat,one-punch
740,1,1,0,0,0,0.0,garo,one-punch
741,1,1,0,0,0,0.0,shanks,one-piece
742,1,1,0,0,0,0.0,sanji,one-piece
743,1,1,0,0,0,0.0,sabo,one-piece
744,1,1,0,0,0,0.0,marguerite,one-piece
745,1,1,0,0,0,0.0,marco,one-piece
746,1,1,0,0,0,0.0,koala,one-piece
747,1,1,0,0,0,0.0,kizaru,one-piece
748,1,1,0,0,0,0.0,carrot,one-piece
749,1,1,0,0,0,0.0,brook,one-piece
750,1,1,0,0,0,0.0,kofuku,noragami
751,1,1,0,0,0,0.0,hiyori,noragami
752,1,1,0,0,0,0.0,tet,no-game-no-life
753,1,1,0,0,0,0.0,miko,no-game-no-life
754,1,1,0,0,0,0.0,9s,nier
755,1,1,0,0,0,0.0,neji,naruto
756,1,1,0,0,0,0.0,rujerd,mushoku
757,1,1,0,0,0,0.0,uwabami,mha
758,1,1,0,0,0,0.0,tokage,mha
759,1,1,0,0,0,0.0,stain,mha
760,1,1,0,0,0,0.0,shiozaki,mha
761,1,1,0,0,0,0.0,shinso,mha
762,1,1,0,0,0,0.0,pony,mha
763,1,1,0,0,0,0.0,pixie-bob,mha
764,1,1,0,0,0,0.0,oguro,mha
765,1,1,0,0,0,0.0,miruko,mha
766,1,1,0,0,0,0.0,kurogiri,mha
767,1,1,0,0,0,0.0,kirishima,mha
768,1,1,0,0,0,0.0,hawks,mha
769,1,1,0,0,0,0.0,grand-torino,mha
770,1,1,0,0,0,0.0,gentle,mha
771,1,1,0,0,0,0.0,endeavor,mha
772,1,1,0,0,0,0.0,dabi,mha
773,1,1,0,0,0,0.0,best-jeanist,mha
774,1,1,0,0,0,0.0,rayne,mashle
775,1,1,0,0,0,0.0,thor,marvel
776,1,1,0,0,0,0.0,iron-man,marvel
777,1,1,0,0,0,0.0,captain-america,marvel
778,1,1,0,0,0,0.0,kill-la-kill-star,kill-la-kill
779,1,1,0,0,0,0.0,shinomiya,kaiju
780,1,1,0,0,0,0.0,john-wick,john-wick
781,1,1,0,0,0,0.0,kyouko,interview-with-monster-girls
782,1,1,0,0,0,0.0,ghost-in-the-shell,ghost-in-the-shell
783,1,1,0,0,0,0.0,ai-chan,getsutobu-no-tawawa
784,1,1,0,0,0,0.0,pincolada,gate
785,1,1,0,0,0,0.0,soul-of-cinder,from
786,1,1,0,0,0,0.0,ranni,from
787,1,1,0,0,0,0.0,radahn,from
788,1,1,0,0,0,0.0,artorias,from
789,1,1,0,0,0,0.0,huges,fma
790,1,1,0,0,0,0.0,ferrari,ferrari
791,1,1,0,0,0,0.0,ilya,fate
792,1,1,0,0,0,0.0,assassin,fate
793,1,1,0,0,0,0.0,sachiel,evangelion
794,1,1,0,0,0,0.0,nerv,evangelion
795,1,1,0,0,0,0.0,mass-production-eva,evangelion
796,1,1,0,0,0,0.0,suzuno-kamazuki,devil-part-timer
797,1,1,0,0,0,0.0,sasaki-chiho,devil-part-timer
798,1,1,0,0,0,0.0,superman,dc
799,1,1,0,0,0,0.0,dc-robin,dc
800,1,1,0,0,0,0.0,cyborg,dc
801,1,1,0,0,0,0.0,beast-boy,dc
802,1,1,0,0,0,0.0,sumirage,code-geass
803,1,1,0,0,0,0.0,warabi-hanasaka,busou-shoujo-machiavellianism
804,1,1,0,0,0,0.0,satori-tamaba,busou-shoujo-machiavellianism
805,1,1,0,0,0,0.0,mary-kikakujou,busou-shoujo-machiavellianism
806,1,1,0,0,0,0.0,inaba-tsukuyo,busou-shoujo-machiavellianism
807,1,1,0,0,0,0.0,nodoka,bunny-girl-senpai
808,1,1,0,0,0,0.0,kominami,bokuben
809,1,1,0,0,0,0.0,hiroi,bocchi
810,1,1,0,0,0,0.0,luck,black-clover
811,1,1,0,0,0,0.0,charmy,black-clover
812,1,1,0,0,0,0.0,black-bulls,black-clover
813,1,1,0,0,0,0.0,ubik,berserk
814,1,1,0,0,0,0.0,schierke,berserk
815,1,1,0,0,0,0.0,swordfish,bebop
816,1,1,0,0,0,0.0,suki,avatar
817,1,1,0,0,0,0.0,roku,avatar
818,1,1,0,0,0,0.0,iroh,avatar
819,1,1,0,0,0,0.0,nagumo,arifureta
820,1,1,0,0,0,0.0,jean,aot
821,1,1,0,0,0,0.0,erwin,aot
822,1,1,0,0,0,0.0,colossal-titan,aot
823,1,1,0,0,0,0.0,armin,aot
824,1,1,0,0,0,0.0,nightraid,akame-ga-kill
825,1,1,0,0,0,0.0,incursio,akame-ga-kill
826,1,1,0,0,0,0.0,yoshiko,aho-girl
827,1,1,0,0,0,0.0,sayakana,aho-girl
828,1,0,0,1,0,100.0,mei-valentine,yu-gi-oh
829,1,0,0,1,0,100.0,elastigirl,the-incredibles
830,1,0,0,1,0,100.0,kagali,tensura
831,1,0,0,1,0,100.0,elmesia,tensura
832,1,0,0,1,0,100.0,filo,shield-hero
833,1,0,0,1,0,100.0,velma,scooby-doo
834,1,0,0,1,0,100.0,nao-toramaru,sakamoto-days
835,1,0,0,1,0,100.0,sailor-moon,sailor-moon
836,1,0,0,1,0,100.0,maaya,railgun
837,1,0,0,1,0,100.0,kongou,railgun
838,1,0,0,1,0,100.0,kinuho,railgun
839,1,0,0,1,0,100.0,winona,pokemon
840,1,0,0,1,0,100.0,viola,pokemon
841,1,0,0,1,0,100.0,roxanne,pokemon
842,1,0,0,1,0,100.0,marnie,pokemon
843,1,0,0,1,0,100.0,lida,pokemon
844,1,0,0,1,0,100.0,karen,pokemon
845,1,0,0,1,0,100.0,geeta,pokemon
846,1,0,0,1,0,100.0,flannery,pokemon
847,1,0,0,1,0,100.0,courtney,pokemon
848,1,0,0,1,0,100.0,clair,pokemon
849,1,0,0,1,0,100.0,pharah,overwatch
850,1,0,0,1,0,100.0,lupus-regina-beta,overlord
851,1,0,0,1,0,100.0,satomi-tachibana,onegai-muscle
852,1,0,0,1,0,100.0,bayonetta,nintendo
853,1,0,0,1,0,100.0,makoto-tsukauchi,mha
854,1,0,0,1,0,100.0,hachisuka,mha
855,1,0,0,1,0,100.0,burnin,mha
856,1,0,0,1,0,100.0,squirrel-girl,marvel
857,1,0,0,1,0,100.0,mary-jane-watson,marvel
858,1,0,0,1,0,100.0,yuki-yoshikawa,horimiya
859,1,0,0,1,0,100.0,melina,from
860,1,0,0,1,0,100.0,matou-sakura,fate
861,1,0,0,1,0,100.0,princess-hisui,fairy-tail
862,1,0,0,1,0,100.0,jenny,fairy-tail
863,1,0,0,1,0,100.0,aquarius,fairy-tail
864,1,0,0,1,0,100.0,yasaka,dxd
865,1,0,0,1,0,100.0,ravel,dxd
866,1,0,0,1,0,100.0,kefla,dragon-ball
867,1,0,0,1,0,100.0,kale,dragon-ball
868,1,0,0,1,0,100.0,princess-belle,disney
869,1,0,0,1,0,100.0,jasmine,disney
870,1,0,0,1,0,100.0,batgirl,dc
871,1,0,0,1,0,100.0,rakshata,code-geass
872,1,0,0,1,0,100.0,nemu,bleach
873,1,0,0,1,0,100.0,lynette,bleach
874,1,0,0,1,0,100.0,lolopechka,black-clover
875,1,0,0,1,0,100.0,asami,avatar
876,1,0,0,1,0,100.0,re-l,akashic-record-of-bastard-magical
877,1,0,1,0,0,0.0,urbosa,zelda
878,1,0,1,0,0,0.0,revali,zelda
879,1,0,1,0,0,0.0,daruk,zelda
880,1,0,1,0,0,0.0,yusaku-kitamura,toradora
881,1,0,1,0,0,0.0,minori-kushieda,toradora
882,1,0,1,0,0,0.0,nasa,tonikawa
883,1,0,1,0,0,0.0,zenji-marui,shokugeki-no-souma
884,1,0,1,0,0,0.0,yuki-yoshino,shokugeki-no-souma
885,1,0,1,0,0,0.0,terunori-kuga,shokugeki-no-souma
886,1,0,1,0,0,0.0,takumi-aldini,shokugeki-no-souma
887,1,0,1,0,0,0.0,shun-ibusaki,shokugeki-no-souma
888,1,0,1,0,0,0.0,saiba-joichiro,shokugeki-no-souma
889,1,0,1,0,0,0.0,kojiro-shinomiya,shokugeki-no-souma
890,1,0,1,0,0,0.0,isshiki,shokugeki-no-souma
891,1,0,1,0,0,0.0,isami-aldini,shokugeki-no-souma
892,1,0,1,0,0,0.0,index,railgun
893,1,0,1,0,0,0.0,solgaleo,pokemon
894,1,0,1,0,0,0.0,mew,pokemon
895,1,0,1,0,0,0.0,lunala,pokemon
896,1,0,1,0,0,0.0,lugia,pokemon
897,1,0,1,0,0,0.0,latias,pokemon
898,1,0,1,0,0,0.0,ho-oh,pokemon
899,1,0,1,0,0,0.0,eevee,pokemon
900,1,0,1,0,0,0.0,cresselia,pokemon
901,1,0,1,0,0,0.0,morgana,persona-5
902,1,0,1,0,0,0.0,goro-akechi,persona-5
903,1,0,1,0,0,0.0,hachiman,oregairu
904,1,0,1,0,0,0.0,raku,nisekoi
905,1,0,1,0,0,0.0,shikamaru,naruto
906,1,0,1,0,0,0.0,senpai,nagatoro
907,1,0,1,0,0,0.0,takeda,my-senpai-is-annoying
908,1,0,1,0,0,0.0,kazama,my-senpai-is-annoying
909,1,0,1,0,0,0.0,norn,mushoku
910,1,0,1,0,0,0.0,ami,megami-no-cafe-terrace
911,1,0,1,0,0,0.0,lishu,kusuria-no-hitorigoto
912,1,0,1,0,0,0.0,lakan,kusuria-no-hitorigoto
913,1,0,1,0,0,0.0,gaoshun,kusuria-no-hitorigoto
914,1,0,1,0,0,0.0,aduo,kusuria-no-hitorigoto
915,1,0,1,0,0,0.0,tadano,komi-san
916,1,0,1,0,0,0.0,osana-najimi,komi-san
917,1,0,1,0,0,0.0,miko-iino,kaguya-sama
918,1,0,1,0,0,0.0,yuki-kusakabe,interview-with-monster-girls
919,1,0,1,0,0,0.0,tetsuo-takahashi,interview-with-monster-girls
920,1,0,1,0,0,0.0,kyoyko,interview-with-monster-girls
921,1,0,1,0,0,0.0,himari-takahashi,interview-with-monster-girls
922,1,0,1,0,0,0.0,hikari-takahashi,interview-with-monster-girls
923,1,0,1,0,0,0.0,kyon,harui-suzumiya
924,1,0,1,0,0,0.0,itami,gate
925,1,0,1,0,0,0.0,sein,frieren
926,1,0,1,0,0,0.0,heiter,frieren
927,1,0,1,0,0,0.0,eisen,frieren
928,1,0,1,0,0,0.0,van-hohenheim,fma
929,1,0,1,0,0,0.0,sloth,fma
930,1,0,1,0,0,0.0,pride,fma
931,1,0,1,0,0,0.0,lan-fan,fma
932,1,0,1,0,0,0.0,gluttony,fma
933,1,0,1,0,0,0.0,father,fma
934,1,0,1,0,0,0.0,envy,fma
935,1,0,1,0,0,0.0,archer,fate
936,1,0,1,0,0,0.0,gray,fairy-tail
937,1,0,1,0,0,0.0,issei,dxd
938,1,0,1,0,0,0.0,suika,dr-stone
939,1,0,1,0,0,0.0,kaseki,dr-stone
940,1,0,1,0,0,0.0,chrome,dr-stone
941,1,0,1,0,0,0.0,gojo,dress-up-darling
942,1,0,1,0,0,0.0,ran-mori,detective-conan
943,1,0,1,0,0,0.0,mitsuhiko,detective-conan
944,1,0,1,0,0,0.0,kazuha,detective-conan
945,1,0,1,0,0,0.0,genta,detective-conan
946,1,0,1,0,0,0.0,ayumi,detective-conan
947,1,0,1,0,0,0.0,agasa,detective-conan
948,1,0,1,0,0,0.0,quin,death-parade
949,1,0,1,0,0,0.0,oculus,death-parade
950,1,0,1,0,0,0.0,ivy,dc
951,1,0,1,0,0,0.0,lefiya,danmachi
952,1,0,1,0,0,0.0,hideri-kanazaki,blend-s
953,1,0,1,0,0,0.0,dino,blend-s
954,1,0,1,0,0,0.0,akizuki,blend-s
955,1,0,1,0,0,0.0,leopold,black-clover
956,1,0,1,0,0,0.0,avatar,avatar
957,1,0,1,0,0,0.0,ymir,aot
958,1,0,1,0,0,0.0,carla,aot
959,1,0,1,0,0,0.0,kuze,alya
960,1,0,0,0,1,100.0,yuna,sao
961,1,0,0,0,1,100.0,rika,pokemon
962,1,0,0,0,1,100.0,lana,pokemon
963,1,0,0,0,1,100.0,ruby,oshi-no-ko
964,1,0,0,0,1,100.0,palutena,nintendo
965,1,0,0,0,1,100.0,nana-shimura,mha
966,1,0,0,0,1,100.0,magik,marvel
967,1,0,0,0,1,100.0,emma-frost,marvel
968,1,0,0,0,1,100.0,lemon,makeine
969,1,0,0,0,1,100.0,succubus,konosuba
970,1,0,0,0,1,100.0,moeha,kaguya-sama
971,1,0,0,0,1,100.0,dupli-kate,invincible
972,1,0,0,0,1,100.0,tione,danmachi
973,1,0,0,0,1,100.0,tiona,danmachi
